original,replacement,weight
I,1,0.118652344
O,o,0.6128488931665063
l,I,0.22603550295857988
y,Y,0.30971128608923887
I,l,0.161621094
I,i,0.059570313
x,X,0.13191489361702127
5,S,0.07456647398843931
t,T,0.05834738617200674
O,0,0.30028873917228105
6,b,0.06327782646801051
9,q,0.12627506155469576
1,l,0.30078988941548185
f,t,0.04
T,7,0.012690355329949238
0,o,0.2966424368293527
g,q,0.16129032258064516
W,w,0.32878411910669975
6,G,0.051709027169149865
P,p,0.4667143879742305
f,F,0.42
8,q,0.020770459790520147
F,f,0.23958333333333334
9,7,0.0017587055926837848
Y,y,0.23057644110275688
J,d,0.012779552715654952
l,1,0.2536489151873767
W,N,0.008684863523573201
6,L,0.0036809815950920245
4,H,0.015305214450969924
1,L,0.0022116903633491313
U,u,0.4085914085914086
C,c,0.13341000575043127
V,v,0.3492462311557789
3,g,0.005863628748534092
M,m,0.503030303030303
k,h,0.004291845493562232
O,q,0.00024061597690086623
3,8,0.0003350644999162339
i,I,0.36065573770491804
1,I,0.19636650868878358
1,i,0.030963665086887835
q,Q,0.031683168316831684
X,x,0.4050925925925926
a,2,0.020072992700729927
s,S,0.8604118993135011
3,S,0.003015580499246105
t,f,0.008768971332209106
t,E,0.005396290050590219
z,Z,0.35698447893569846
d,o,0.0005941770647653001
2,z,0.0494121656159482
v,V,0.33760683760683763
5,s,0.0017341040462427746
S,J,0.0008551881413911061
a,u,0.0024330900243309003
2,Z,0.0529902879536548
o,0,0.26824034334763946
j,2,0.0031545741324921135
q,9,0.2633663366336634
2,a,0.009541659567217585
S,s,0.01966932725199544
x,r,0.002127659574468085
0,C,0.0010384215991692627
4,Y,0.01601708489054992
8,g,0.004793183028581573
F,p,0.003472222222222222
Y,J,0.0012531328320802004
I,j,0.003417969
0,D,0.028210453444098303
O,i,0.00024061597690086623
H,A,0.007677543186180422
1,2,0.001579778830963665
a,o,0.010340632603406326
J,j,0.17731629392971246
e,R,0.004887585532746823
c,C,0.8101851851851852
8,E,0.0019527782709036039
j,v,0.0031545741324921135
3,z,0.002680515999329871
3,J,0.0010051934997487016
9,g,0.04115371086880056
8,B,0.015444700869873956
k,K,0.2811158798283262
2,8,0.0005111603339580849
6,c,0.0015775635407537247
f,l,0.0025
Z,z,0.11637931034482758
h,b,0.012846517917511832
L,l,0.0024691358024691358
4,y,0.038796938957109804
q,g,0.04554455445544554
a,G,0.0030413625304136255
n,x,0.002107481559536354
l,i,0.029585798816568046
4,t,0.0028474817583199856
R,B,0.002472187886279357
h,t,0.001352265043948614
4,q,0.011389927033279942
F,P,0.006944444444444444
4,U,0.001779676098949991
0,U,0.0017307026652821046
2,j,0.0003407735559720566
S,5,0.06670467502850627
p,P,0.12228260869565218
l,L,0.01854043392504931
a,d,0.0072992700729927005
0,O,0.020768431983385256
N,n,0.006661732050333087
y,4,0.03674540682414698
i,1,0.06323185011709602
n,N,0.03477344573234984
8,F,0.0007101011894194922
0,B,0.0008653513326410523
b,B,0.023446658851113716
F,E,0.004166666666666667
3,2,0.00217791924945552
7,Z,0.0019547157517510994
U,V,0.016483516483516484
p,R,0.005434782608695652
S,E,0.00028506271379703536
F,r,0.0020833333333333333
u,4,0.008298755186721992
i,l,0.0468384074941452
C,O,0.0011500862564692352
b,6,0.026963657678780773
q,G,0.0019801980198019802
V,U,0.02512562814070352
s,5,0.043478260869565216
4,f,0.0014237408791599928
T,t,0.021573604060913704
g,9,0.12903225806451613
B,D,0.0030864197530864196
u,U,0.1970954356846473
j,J,0.07255520504731862
b,h,0.0011723329425556857
O,Q,0.002165543792107796
h,k,0.009465855307640297
h,L,0.012846517917511832
a,A,0.015206812652068127
i,j,0.04449648711943794
4,v,0.0005339028296849973
4,u,0.010500088983804947
Q,a,0.01694915254237288
U,6,0.0004995004995004995
i,L,0.00234192037470726
O,D,0.01588065447545717
o,B,0.002145922746781116
V,u,0.0037688442211055275
S,G,0.0019954389965792475
4,A,0.005161060686954974
e,C,0.010508308895405669
K,R,0.002617801047120419
S,8,0.002280501710376283
8,P,0.0008876264867743654
r,p,0.0004310344827586207
w,W,0.10920770877944326
L,2,0.0024691358024691358
q,y,0.0019801980198019802
U,v,0.023476523476523476
r,n,0.005172413793103448
h,n,0.016227180527383367
j,i,0.06309148264984227
p,D,0.01358695652173913
6,W,0.00035056967572304995
6,u,0.0010517090271691498
8,G,0.002130303568258477
B,K,0.0015432098765432098
e,c,0.004154447702834799
C,I,0.0011500862564692352
u,v,0.026970954356846474
4,h,0.0008898380494749955
r,R,0.01293103448275862
C,E,0.0017251293847038527
e,p,0.0036656891495601175
l,2,0.001183431952662722
x,k,0.00851063829787234
g,2,0.0050933786078098476
F,C,0.0020833333333333333
9,Y,0.0007034822370735139
o,q,0.002145922746781116
R,A,0.002472187886279357
j,U,0.012618296529968454
5,G,0.0019267822736030828
h,m,0.001352265043948614
2,Q,0.0013630942238882263
G,6,0.013422818791946308
h,S,0.000676132521974307
U,0,0.005994005994005994
9,a,0.0012310939148786493
D,p,0.005134788189987163
5,j,0.0003853564547206166
8,d,0.0030179300550328423
7,T,0.002769180648314058
e,E,0.005865102639296188
K,k,0.225130890052356
t,4,0.002023608768971332
r,V,0.008189655172413794
U,4,0.000999000999000999
F,y,0.001388888888888889
I,Z,0.000976563
Z,2,0.03017241379310345
5,C,0.0011560693641618498
b,G,0.0011723329425556857
T,r,0.006345177664974619
U,o,0.0014985014985014985
q,8,0.013861386138613862
A,h,0.003766478342749529
q,5,0.0039603960396039604
o,Q,0.002145922746781116
Y,r,0.008771929824561403
o,4,0.002145922746781116
g,P,0.001697792869269949
d,a,0.004753416518122401
B,b,0.0030864197530864196
O,d,0.0009624639076034649
T,S,0.0006345177664974619
O,G,0.001203079884504331
g,a,0.010186757215619695
R,p,0.002472187886279357
0,b,0.001557632398753894
a,q,0.023114355231143552
r,T,0.002586206896551724
I,E,0.000976563
4,9,0.0024915465385299874
k,t,0.002145922746781116
N,H,0.0022205773501110288
0,g,0.00017307026652821047
I,z,0.001953125
r,Y,0.003017241379310345
S,j,0.0008551881413911061
2,6,0.0001703867779860283
0,G,0.002596053997923157
d,8,0.0011883541295306002
o,J,0.002145922746781116
8,6,0.0010651517841292384
c,o,0.004629629629629629
3,s,0.0011727257497068187
2,d,0.0039188958936786505
r,y,0.0008620689655172414
m,M,0.23060344827586207
r,t,0.0008620689655172414
3,D,0.0006701289998324678
z,3,0.008869179600886918
g,b,0.001697792869269949
2,L,0.003066962003748509
W,Y,0.0012406947890818859
C,e,0.01897642323174238
n,r,0.0026343519494204425
o,D,0.03648068669527897
1,f,0.000315955766192733
h,H,0.008113590263691683
1,Y,0.000315955766192733
e,2,0.0009775171065493646
k,R,0.008583690987124463
I,L,0.001464844
t,6,0.0006745362563237774
7,4,0.0004886789379377749
l,S,0.0003944773175542406
g,8,0.022071307300509338
0,8,0.0005192107995846313
O,g,0.00024061597690086623
g,Y,0.001697792869269949
v,y,0.014957264957264958
1,r,0.000631911532385466
6,o,0.00017528483786152498
9,i,0.00017587055926837847
2,g,0.003066962003748509
r,U,0.0004310344827586207
A,a,0.003766478342749529
J,D,0.003194888178913738
s,e,0.002288329519450801
g,G,0.015280135823429542
A,t,0.0018832391713747645
5,r,0.001348747591522158
y,g,0.013123359580052493
E,e,0.004700352526439483
V,r,0.008793969849246231
L,i,0.0024691358024691358
0,n,0.0008653513326410523
w,S,0.0021413276231263384
n,h,0.00684931506849315
a,Q,0.021289537712895375
5,v,0.0001926782273603083
2,U,0.0001703867779860283
j,t,0.0031545741324921135
L,c,0.011111111111111112
3,i,0.00016753224995811694
X,Y,0.006944444444444444
4,a,0.001779676098949991
1,t,0.0007898894154818325
q,a,0.02178217821782178
t,J,0.0003372681281618887
M,A,0.0006734006734006734
X,p,0.0023148148148148147
7,n,0.0032578595862518323
P,D,0.00572655690765927
N,D,0.0014803849000740192
t,7,0.001011804384485666
E,8,0.0011750881316098707
8,R,0.0007101011894194922
Q,0,0.007263922518159807
y,V,0.007874015748031496
Q,q,0.01937046004842615
5,6,0.001348747591522158
5,E,0.0005780346820809249
d,D,0.0041592394533571005
8,x,0.0008876264867743654
1,C,0.0001579778830963665
t,r,0.004384485666104553
M,H,0.007407407407407408
Y,4,0.011278195488721804
z,2,0.03547671840354767
n,R,0.0026343519494204425
C,G,0.002875215641173088
P,T,0.0007158196134574087
P,Q,0.0014316392269148174
J,3,0.001597444089456869
a,e,0.0018248175182481751
3,B,0.004020773998994806
A,Q,0.0009416195856873823
0,Q,0.003115264797507788
X,k,0.004629629629629629
i,x,0.00234192037470726
S,6,0.0005701254275940707
O,a,0.0007218479307025986
4,x,0.0010678056593699946
7,Y,0.0016289297931259162
k,V,0.002145922746781116
v,U,0.02564102564102564
O,C,0.00024061597690086623
t,d,0.001011804384485666
Y,v,0.006265664160401002
D,o,0.01540436456996149
8,f,0.0007101011894194922
D,N,0.0012836970474967907
8,5,0.0007101011894194922
S,g,0.005131128848346636
W,h,0.0012406947890818859
D,3,0.0012836970474967907
s,J,0.002288329519450801
F,S,0.0020833333333333333
T,F,0.0006345177664974619
0,V,0.00034614053305642093
r,e,0.0017241379310344827
t,j,0.0003372681281618887
3,j,0.00217791924945552
S,t,0.00028506271379703536
3,q,0.00016753224995811694
0,p,0.0006922810661128419
2,R,0.0006815471119441132
4,G,0.0005339028296849973
6,Q,0.00035056967572304995
5,K,0.0001926782273603083
j,g,0.006309148264984227
x,2,0.00425531914893617
J,U,0.004792332268370607
S,3,0.0005701254275940707
v,u,0.008547008547008548
Q,G,0.012106537530266344
H,f,0.0019193857965451055
J,f,0.001597444089456869
t,h,0.0003372681281618887
N,r,0.0007401924500370096
8,Q,0.0008876264867743654
Z,3,0.0021551724137931034
2,D,0.001192707445902198
K,Y,0.005235602094240838
y,u,0.01837270341207349
l,Y,0.0007889546351084812
K,n,0.005235602094240838
u,w,0.008298755186721992
C,a,0.0005750431282346176
e,Q,0.0004887585532746823
j,F,0.0031545741324921135
0,d,0.0010384215991692627
Y,q,0.0012531328320802004
3,7,0.0011727257497068187
S,h,0.00028506271379703536
r,C,0.001293103448275862
4,N,0.0001779676098949991
A,k,0.002824858757062147
v,j,0.004273504273504274
t,z,0.002023608768971332
n,u,0.002107481559536354
h,6,0.0033806626098715348
5,V,0.0001926782273603083
t,e,0.0003372681281618887
Y,t,0.002506265664160401
d,2,0.0041592394533571005
e,d,0.00024437927663734115
h,N,0.000676132521974307
Y,d,0.0012531328320802004
w,N,0.006423982869379015
3,b,0.00016753224995811694
7,2,0.0009773578758755497
w,Q,0.0021413276231263384
A,i,0.0018832391713747645
a,9,0.0018248175182481751
H,N,0.003838771593090211
N,y,0.0007401924500370096
L,C,0.013580246913580247
Y,x,0.006265664160401002
1,P,0.0001579778830963665
1,d,0.0001579778830963665
t,l,0.0006745362563237774
0,a,0.0010384215991692627
H,a,0.0019193857965451055
3,Z,0.0006701289998324678
2,7,0.0008519338899301414
D,O,0.0012836970474967907
y,v,0.007874015748031496
5,3,0.0015414258188824663
t,F,0.001011804384485666
4,M,0.0001779676098949991
L,h,0.007407407407407408
j,S,0.0031545741324921135
r,h,0.0017241379310344827
V,j,0.002512562814070352
N,d,0.0014803849000740192
G,B,0.0044742729306487695
7,9,0.0011402508551881414
p,B,0.002717391304347826
C,6,0.0023001725129384704
A,H,0.004708097928436911
M,h,0.0006734006734006734
t,b,0.0016863406408094434
3,5,0.0011727257497068187
D,0,0.01668806161745828
n,I,0.0005268703898840885
e,a,0.0012218963831867058
d,n,0.0017825311942959
L,K,0.0012345679012345679
6,U,0.0007011393514460999
N,p,0.0014803849000740192
C,L,0.004600345025876941
5,b,0.0007707129094412332
n,a,0.002107481559536354
S,v,0.00028506271379703536
a,c,0.0018248175182481751
6,4,0.00035056967572304995
I,x,0.000488281
i,D,0.00234192037470726
5,T,0.0009633911368015414
O,c,0.00048123195380173246
J,T,0.006389776357827476
H,h,0.003838771593090211
7,1,0.00016289297931259162
o,j,0.002145922746781116
8,p,0.002130303568258477
3,y,0.00016753224995811694
z,g,0.0066518847006651885
k,r,0.002145922746781116
a,O,0.0018248175182481751
g,s,0.003395585738539898
J,5,0.001597444089456869
6,w,0.00035056967572304995
F,t,0.005555555555555556
n,U,0.0005268703898840885
p,Q,0.002717391304347826
n,z,0.001053740779768177
I,D,0.001464844
N,U,0.0007401924500370096
l,r,0.0007889546351084812
n,i,0.0005268703898840885
M,n,0.006060606060606061
o,g,0.002145922746781116
E,t,0.0011750881316098707
V,y,0.005025125628140704
o,O,0.032188841201716736
8,T,0.0003550505947097461
m,4,0.0021551724137931034
N,A,0.0007401924500370096
l,7,0.001183431952662722
b,Q,0.0011723329425556857
0,c,0.0005192107995846313
q,u,0.0019801980198019802
z,E,0.0022172949002217295
4,g,0.0003559352197899982
d,x,0.0011883541295306002
U,a,0.002997002997002997
q,V,0.0019801980198019802
5,g,0.001348747591522158
C,r,0.0011500862564692352
n,m,0.005795574288724974
F,Y,0.0006944444444444445
u,V,0.014522821576763486
F,T,0.0006944444444444445
V,Y,0.0037688442211055275
r,f,0.0008620689655172414
X,y,0.004629629629629629
l,j,0.0027613412228796844
4,V,0.0001779676098949991
6,l,0.00035056967572304995
R,e,0.002472187886279357
e,q,0.0004887585532746823
4,F,0.0001779676098949991
l,y,0.0003944773175542406
D,q,0.0012836970474967907
t,I,0.0006745362563237774
8,Y,0.0023078288656133497
7,A,0.00016289297931259162
Z,g,0.0021551724137931034
5,B,0.0003853564547206166
a,z,0.0018248175182481751
8,2,0.0003550505947097461
A,M,0.0018832391713747645
g,B,0.001697792869269949
1,j,0.000315955766192733
x,R,0.002127659574468085
d,Q,0.0017825311942959
F,q,0.001388888888888889
y,7,0.005249343832020997
H,K,0.0019193857965451055
2,v,0.0008519338899301414
l,R,0.0007889546351084812
V,W,0.002512562814070352
x,f,0.002127659574468085
s,a,0.006864988558352402
Y,V,0.005012531328320802
q,P,0.0019801980198019802
8,D,0.00017752529735487306
1,7,0.0007898894154818325
B,R,0.0015432098765432098
p,e,0.010869565217391304
2,V,0.0005111603339580849
9,Q,0.00035174111853675694
q,z,0.0019801980198019802
y,H,0.0026246719160104987
I,n,0.000488281
a,g,0.0018248175182481751
7,p,0.00016289297931259162
U,Q,0.001998001998001998
a,7,0.0006082725060827251
7,i,0.00016289297931259162
t,y,0.0013490725126475548
D,b,0.010269576379974325
8,a,0.0007101011894194922
L,6,0.0024691358024691358
r,v,0.003879310344827586
I,r,0.000976563
v,S,0.002136752136752137
Z,7,0.0021551724137931034
7,z,0.0011402508551881414
o,b,0.002145922746781116
P,8,0.0021474588403722263
x,N,0.006382978723404255
N,R,0.0007401924500370096
0,6,0.00017307026652821047
M,W,0.0006734006734006734
E,q,0.0023501762632197414
5,J,0.0017341040462427746
D,B,0.0038510911424903724
Y,g,0.0012531328320802004
j,7,0.0031545741324921135
H,4,0.003838771593090211
v,N,0.004273504273504274
r,w,0.0004310344827586207
s,G,0.006864988558352402
b,D,0.004689331770222743
f,G,0.005
h,B,0.000676132521974307
z,8,0.004434589800443459
n,k,0.0005268703898840885
s,N,0.004576659038901602
7,j,0.00032578595862518323
i,n,0.00234192037470726
I,F,0.000976563
6,5,0.00035056967572304995
b,H,0.0023446658851113715
s,D,0.006864988558352402
E,R,0.0011750881316098707
c,G,0.0023148148148148147
4,X,0.0001779676098949991
t,A,0.0003372681281618887
6,h,0.0010517090271691498
q,0,0.0039603960396039604
e,F,0.0004887585532746823
B,Q,0.0030864197530864196
E,C,0.0011750881316098707
e,h,0.0004887585532746823
W,Q,0.0012406947890818859
O,S,0.00024061597690086623
O,s,0.00024061597690086623
R,K,0.0012360939431396785
T,C,0.0006345177664974619
g,n,0.001697792869269949
n,y,0.0005268703898840885
R,k,0.002472187886279357
0,2,0.00017307026652821047
B,a,0.0015432098765432098
C,n,0.0005750431282346176
R,F,0.002472187886279357
2,q,0.0005111603339580849
U,C,0.0014985014985014985
M,N,0.00202020202020202
U,j,0.0004995004995004995
E,F,0.0011750881316098707
e,o,0.0009775171065493646
6,i,0.00035056967572304995
r,5,0.0008620689655172414
4,m,0.0001779676098949991
V,l,0.001256281407035176
B,G,0.0015432098765432098
7,D,0.00016289297931259162
I,J,0.002441406
z,x,0.004434589800443459
k,U,0.004291845493562232
U,y,0.002997002997002997
e,t,0.0004887585532746823
G,S,0.0022371364653243847
8,S,0.0012426770814841115
f,C,0.0025
2,s,0.0005111603339580849
P,q,0.0014316392269148174
F,J,0.001388888888888889
h,A,0.000676132521974307
a,n,0.0018248175182481751
n,7,0.0005268703898840885
7,P,0.00032578595862518323
Y,z,0.0012531328320802004
e,z,0.0007331378299120235
8,k,0.00017752529735487306
4,r,0.0001779676098949991
f,p,0.005
s,j,0.002288329519450801
g,7,0.001697792869269949
w,H,0.0021413276231263384
Q,2,0.002421307506053269
l,x,0.0003944773175542406
B,8,0.0015432098765432098
g,S,0.008488964346349746
A,f,0.0009416195856873823
a,0,0.0018248175182481751
x,y,0.010638297872340425
9,S,0.0008793527963418924
h,u,0.002028397565922921
I,C,0.000488281
0,R,0.00017307026652821047
A,n,0.004708097928436911
P,f,0.0007158196134574087
j,1,0.0031545741324921135
N,w,0.0022205773501110288
6,v,0.00017528483786152498
l,D,0.0003944773175542406
S,N,0.00028506271379703536
F,8,0.0020833333333333333
J,g,0.001597444089456869
8,V,0.00017752529735487306
a,i,0.0006082725060827251
j,3,0.0031545741324921135
k,i,0.002145922746781116
e,8,0.00024437927663734115
A,B,0.0018832391713747645
J,S,0.003194888178913738
h,i,0.001352265043948614
l,9,0.0003944773175542406
e,g,0.00024437927663734115
5,D,0.0001926782273603083
8,e,0.00017752529735487306
l,e,0.001183431952662722
2,r,0.0001703867779860283
u,H,0.002074688796680498
r,6,0.0004310344827586207
0,Y,0.00017307026652821047
u,a,0.004149377593360996
P,j,0.0007158196134574087
h,f,0.000676132521974307
t,Y,0.0016863406408094434
r,k,0.001293103448275862
k,L,0.002145922746781116
g,C,0.001697792869269949
f,P,0.0025
q,o,0.0019801980198019802
A,R,0.00847457627118644
f,h,0.0025
u,o,0.002074688796680498
I,2,0.001464844
7,q,0.00032578595862518323
7,3,0.00032578595862518323
l,8,0.0003944773175542406
5,8,0.0003853564547206166
A,x,0.0009416195856873823
w,n,0.0021413276231263384
a,3,0.0018248175182481751
T,Y,0.0012690355329949238
8,j,0.0003550505947097461
6,f,0.00017528483786152498
h,l,0.000676132521974307
I,p,0.000488281
l,J,0.0003944773175542406
j,x,0.0031545741324921135
g,j,0.003395585738539898
n,D,0.0005268703898840885
T,J,0.0025380710659898475
c,e,0.0023148148148148147
P,b,0.0014316392269148174
8,r,0.0005325758920646192
H,u,0.0019193857965451055
4,D,0.0001779676098949991
o,e,0.002145922746781116
o,a,0.002145922746781116
M,o,0.0013468013468013469
j,d,0.012618296529968454
6,j,0.00017528483786152498
O,B,0.00024061597690086623
S,e,0.00028506271379703536
6,B,0.00017528483786152498
c,a,0.0023148148148148147
4,n,0.0003559352197899982
g,O,0.001697792869269949
O,P,0.00024061597690086623
L,z,0.0012345679012345679
X,V,0.0023148148148148147
s,w,0.004576659038901602
m,r,0.0021551724137931034
S,p,0.00028506271379703536
2,E,0.0001703867779860283
u,n,0.002074688796680498
t,k,0.0013490725126475548
T,q,0.0006345177664974619
H,n,0.0019193857965451055
8,y,0.0003550505947097461
n,w,0.0005268703898840885
8,X,0.0003550505947097461
5,F,0.0007707129094412332
h,X,0.000676132521974307
e,B,0.0007331378299120235
3,a,0.0006701289998324678
7,v,0.00016289297931259162
Q,D,0.002421307506053269
h,w,0.000676132521974307
g,d,0.001697792869269949
h,q,0.000676132521974307
y,r,0.0026246719160104987
4,d,0.0003559352197899982
S,o,0.00028506271379703536
2,i,0.0001703867779860283
A,p,0.0018832391713747645
F,g,0.0006944444444444445
t,L,0.0003372681281618887
w,a,0.0021413276231263384
W,U,0.0012406947890818859
3,P,0.00016753224995811694
2,I,0.0003407735559720566
O,p,0.00024061597690086623
E,c,0.0011750881316098707
f,R,0.0025
g,E,0.001697792869269949
B,p,0.0030864197530864196
s,r,0.002288329519450801
o,G,0.002145922746781116
4,T,0.0001779676098949991
z,e,0.004434589800443459
n,M,0.0026343519494204425
z,Y,0.0022172949002217295
O,2,0.00024061597690086623
L,u,0.0012345679012345679
v,r,0.002136752136752137
P,B,0.0007158196134574087
S,d,0.00028506271379703536
4,i,0.0001779676098949991
J,y,0.001597444089456869
4,j,0.0003559352197899982
3,9,0.00016753224995811694
B,e,0.0015432098765432098
7,y,0.0004886789379377749
m,N,0.0021551724137931034
1,S,0.0001579778830963665
c,6,0.0023148148148148147
8,7,0.00017752529735487306
1,h,0.0001579778830963665
a,C,0.0012165450121654502
G,9,0.0022371364653243847
t,H,0.0003372681281618887
7,F,0.00032578595862518323
0,9,0.00017307026652821047
R,Q,0.0012360939431396785
4,E,0.0001779676098949991
s,b,0.002288329519450801
P,r,0.0007158196134574087
o,S,0.002145922746781116
7,f,0.0004886789379377749
6,C,0.0014022787028921998
K,x,0.002617801047120419
k,x,0.002145922746781116
O,e,0.00024061597690086623
a,h,0.0006082725060827251
a,B,0.0012165450121654502
Y,7,0.002506265664160401
4,k,0.0001779676098949991
x,V,0.002127659574468085
5,i,0.0001926782273603083
D,8,0.0012836970474967907
k,b,0.002145922746781116
2,3,0.0005111603339580849
h,R,0.002704530087897228
8,i,0.00017752529735487306
5,n,0.0001926782273603083
m,n,0.004310344827586207
r,x,0.0004310344827586207
r,i,0.001293103448275862
S,b,0.00028506271379703536
G,g,0.0044742729306487695
8,A,0.00017752529735487306
6,a,0.00017528483786152498
v,w,0.002136752136752137
0,q,0.00017307026652821047
t,5,0.0003372681281618887
d,e,0.0005941770647653001
N,v,0.0014803849000740192
2,C,0.0001703867779860283
H,W,0.0019193857965451055
P,F,0.0007158196134574087
E,5,0.0023501762632197414
R,a,0.0012360939431396785
9,p,0.00017587055926837847
U,w,0.0004995004995004995
u,y,0.004149377593360996
H,d,0.0019193857965451055
1,n,0.0001579778830963665
C,z,0.0005750431282346176
2,J,0.0001703867779860283
H,t,0.0019193857965451055
i,6,0.00234192037470726
U,q,0.0004995004995004995
d,g,0.0005941770647653001
Y,X,0.0012531328320802004
1,J,0.0001579778830963665
2,t,0.0001703867779860283
0,s,0.00017307026652821047
M,U,0.0006734006734006734
B,O,0.0015432098765432098
x,z,0.00425531914893617
2,B,0.0001703867779860283
N,V,0.0007401924500370096
t,S,0.0006745362563237774
F,d,0.0006944444444444445
8,t,0.00017752529735487306
d,N,0.0011883541295306002
l,p,0.0003944773175542406
L,I,0.0024691358024691358
C,f,0.0005750431282346176
D,2,0.0012836970474967907
G,C,0.0044742729306487695
A,m,0.0018832391713747645
H,B,0.0019193857965451055
L,b,0.0012345679012345679
I,o,0.000488281
j,8,0.0031545741324921135
O,J,0.00024061597690086623
y,x,0.0026246719160104987
y,t,0.0026246719160104987
d,j,0.0005941770647653001
Y,U,0.0012531328320802004
C,Q,0.0005750431282346176
J,I,0.003194888178913738
o,n,0.002145922746781116
i,z,0.00234192037470726
j,T,0.0031545741324921135
8,o,0.00017752529735487306
A,q,0.0009416195856873823
a,Z,0.0006082725060827251
h,x,0.000676132521974307
7,t,0.00016289297931259162
b,t,0.0011723329425556857
6,s,0.00017528483786152498
W,y,0.0012406947890818859
U,H,0.0004995004995004995
I,S,0.000488281
8,O,0.00017752529735487306
Z,R,0.0021551724137931034
y,9,0.0026246719160104987
4,6,0.0001779676098949991
J,s,0.001597444089456869
L,q,0.0012345679012345679
d,b,0.0005941770647653001
C,U,0.0005750431282346176
9,r,0.00017587055926837847
a,s,0.0006082725060827251
g,e,0.001697792869269949
s,g,0.004576659038901602
U,z,0.0004995004995004995
1,D,0.0001579778830963665
K,X,0.002617801047120419
f,b,0.0025
8,b,0.00017752529735487306
k,u,0.002145922746781116
A,d,0.0009416195856873823
g,Q,0.003395585738539898
8,3,0.00017752529735487306
x,m,0.002127659574468085
x,n,0.002127659574468085
P,i,0.0007158196134574087
f,7,0.0025
C,o,0.0011500862564692352
j,n,0.0031545741324921135
I,f,0.000488281
m,u,0.0021551724137931034
l,t,0.0003944773175542406
t,o,0.0003372681281618887
7,l,0.00016289297931259162
R,z,0.0012360939431396785
B,H,0.0015432098765432098
o,s,0.002145922746781116
S,B,0.00028506271379703536
t,Z,0.0003372681281618887
B,o,0.0015432098765432098
n,S,0.0005268703898840885
i,c,0.00234192037470726
J,V,0.001597444089456869
B,3,0.0015432098765432098
Y,9,0.0012531328320802004
F,G,0.001388888888888889
i,r,0.00234192037470726
1,Z,0.0001579778830963665
F,7,0.0006944444444444445
c,L,0.0023148148148148147
W,6,0.0012406947890818859
G,b,0.0022371364653243847
4,K,0.0001779676098949991
p,r,0.002717391304347826
U,W,0.0004995004995004995
M,4,0.0006734006734006734
A,L,0.0009416195856873823
l,b,0.0003944773175542406
4,s,0.0001779676098949991
8,s,0.00017752529735487306
g,5,0.001697792869269949
U,n,0.0004995004995004995
g,r,0.001697792869269949
Z,L,0.0021551724137931034
1,9,0.0001579778830963665
O,m,0.00024061597690086623
8,z,0.00017752529735487306
k,H,0.002145922746781116
7,g,0.00016289297931259162
T,P,0.0006345177664974619
0,u,0.00017307026652821047
o,U,0.002145922746781116
r,l,0.0004310344827586207
u,m,0.002074688796680498
u,z,0.002074688796680498
l,f,0.0003944773175542406
d,y,0.0005941770647653001
d,l,0.0005941770647653001
